{"train_loss": 2.1902101039886475, "train_acc": 0.13119369745254517, "epoch": 8, "trainer/global_step": 26, "_timestamp": 1718206408, "_runtime": 239, "_step": 8}