{"train_loss": 1.5967785120010376, "train_acc": 1.0, "epoch": 1753, "trainer/global_step": 22801, "_timestamp": 1718276896, "_runtime": 899, "_step": 1928, "val_loss": 10.70075798034668, "val_acc": 0.0, "_wandb": {"runtime": 900}}