{"train_loss": 4.601428031921387, "train_acc": 0.02854000731469441, "epoch": 16, "trainer/global_step": 2124, "_timestamp": 1718354401, "_runtime": 129, "_step": 17, "val_loss": 4.634336948394775, "val_acc": 0.0, "_wandb": {"runtime": 134}}